track_id,first_seen_s,last_seen_s,observed_seconds,samples
1,0.06666666666666667,11.333333333333334,11.266666666666667,338
2,0.06666666666666667,6.566666666666666,6.5,196
3,0.06666666666666667,5.833333333333333,5.766666666666667,167
4,0.06666666666666667,11.333333333333334,11.266666666666667,339
5,0.06666666666666667,8.066666666666666,7.3999999999999995,214
6,0.06666666666666667,11.033333333333333,10.966666666666667,326
7,0.06666666666666667,10.6,10.533333333333333,275
8,0.06666666666666667,1.6,1.5333333333333334,41
9,0.06666666666666667,5.066666666666666,5.0,136
11,0.06666666666666667,3.533333333333333,3.4666666666666663,94
12,0.06666666666666667,2.6,1.9,46
13,0.06666666666666667,10.233333333333333,8.799999999999999,262
14,0.06666666666666667,11.333333333333334,11.266666666666667,310
15,0.06666666666666667,11.333333333333334,11.266666666666667,336
10,0.1,11.333333333333334,11.233333333333333,328
16,0.3,3.3,2.9999999999999996,80
17,0.5666666666666667,11.333333333333334,10.200000000000001,270
18,0.7666666666666666,11.333333333333334,6.900000000000001,180
19,2.1666666666666665,3.0666666666666664,0.8999999999999999,17
20,2.4,11.333333333333334,8.933333333333334,269
21,2.8333333333333335,5.266666666666667,2.433333333333333,50
22,3.466666666666667,6.8,3.333333333333333,100
23,3.5,4.766666666666667,1.2666666666666666,34
24,5.566666666666666,11.333333333333334,5.7666666666666675,174
25,6.633333333333333,11.233333333333333,4.6,116
26,7.3999999999999995,11.333333333333334,3.9333333333333345,119
27,8.033333333333333,11.333333333333334,3.3000000000000007,96
28,9.133333333333333,11.333333333333334,2.200000000000001,54
31,10.566666666666666,11.333333333333334,0.7666666666666675,24
32,11.0,11.333333333333334,0.3333333333333339,11
