run_id,frame,time_s,zone,observed_occupancy
035be5bf-adbf-4590-8968-43093fcb3647,0,0.000000,encuadre,0
035be5bf-adbf-4590-8968-43093fcb3647,1,0.033367,encuadre,0
035be5bf-adbf-4590-8968-43093fcb3647,2,0.066733,encuadre,5
035be5bf-adbf-4590-8968-43093fcb3647,3,0.100100,encuadre,5
035be5bf-adbf-4590-8968-43093fcb3647,4,0.133467,encuadre,5
035be5bf-adbf-4590-8968-43093fcb3647,5,0.166833,encuadre,5
035be5bf-adbf-4590-8968-43093fcb3647,6,0.200200,encuadre,5
035be5bf-adbf-4590-8968-43093fcb3647,7,0.233567,encuadre,5
035be5bf-adbf-4590-8968-43093fcb3647,8,0.266933,encuadre,5
035be5bf-adbf-4590-8968-43093fcb3647,9,0.300300,encuadre,6
035be5bf-adbf-4590-8968-43093fcb3647,10,0.333667,encuadre,6
035be5bf-adbf-4590-8968-43093fcb3647,11,0.367033,encuadre,6
035be5bf-adbf-4590-8968-43093fcb3647,12,0.400400,encuadre,6
035be5bf-adbf-4590-8968-43093fcb3647,13,0.433767,encuadre,6
035be5bf-adbf-4590-8968-43093fcb3647,14,0.467133,encuadre,6
035be5bf-adbf-4590-8968-43093fcb3647,15,0.500500,encuadre,6
035be5bf-adbf-4590-8968-43093fcb3647,16,0.533867,encuadre,6
035be5bf-adbf-4590-8968-43093fcb3647,17,0.567233,encuadre,6
035be5bf-adbf-4590-8968-43093fcb3647,18,0.600600,encuadre,6
035be5bf-adbf-4590-8968-43093fcb3647,19,0.633967,encuadre,6
035be5bf-adbf-4590-8968-43093fcb3647,20,0.667333,encuadre,6
035be5bf-adbf-4590-8968-43093fcb3647,21,0.700700,encuadre,6
035be5bf-adbf-4590-8968-43093fcb3647,22,0.734067,encuadre,6
035be5bf-adbf-4590-8968-43093fcb3647,23,0.767433,encuadre,6
035be5bf-adbf-4590-8968-43093fcb3647,24,0.800800,encuadre,6
035be5bf-adbf-4590-8968-43093fcb3647,25,0.834167,encuadre,6
035be5bf-adbf-4590-8968-43093fcb3647,26,0.867533,encuadre,6
035be5bf-adbf-4590-8968-43093fcb3647,27,0.900900,encuadre,6
035be5bf-adbf-4590-8968-43093fcb3647,28,0.934267,encuadre,6
035be5bf-adbf-4590-8968-43093fcb3647,29,0.967633,encuadre,6
035be5bf-adbf-4590-8968-43093fcb3647,30,1.001000,encuadre,6
035be5bf-adbf-4590-8968-43093fcb3647,31,1.034367,encuadre,6
035be5bf-adbf-4590-8968-43093fcb3647,32,1.067733,encuadre,6
035be5bf-adbf-4590-8968-43093fcb3647,33,1.101100,encuadre,6
035be5bf-adbf-4590-8968-43093fcb3647,34,1.134467,encuadre,6
035be5bf-adbf-4590-8968-43093fcb3647,35,1.167833,encuadre,6
035be5bf-adbf-4590-8968-43093fcb3647,36,1.201200,encuadre,6
035be5bf-adbf-4590-8968-43093fcb3647,37,1.234567,encuadre,6
035be5bf-adbf-4590-8968-43093fcb3647,38,1.267933,encuadre,6
035be5bf-adbf-4590-8968-43093fcb3647,39,1.301300,encuadre,6
035be5bf-adbf-4590-8968-43093fcb3647,40,1.334667,encuadre,6
035be5bf-adbf-4590-8968-43093fcb3647,41,1.368033,encuadre,6
035be5bf-adbf-4590-8968-43093fcb3647,42,1.401400,encuadre,7
035be5bf-adbf-4590-8968-43093fcb3647,43,1.434767,encuadre,7
035be5bf-adbf-4590-8968-43093fcb3647,44,1.468133,encuadre,8
035be5bf-adbf-4590-8968-43093fcb3647,45,1.501500,encuadre,8
035be5bf-adbf-4590-8968-43093fcb3647,46,1.534867,encuadre,8
035be5bf-adbf-4590-8968-43093fcb3647,47,1.568233,encuadre,7
035be5bf-adbf-4590-8968-43093fcb3647,48,1.601600,encuadre,7
035be5bf-adbf-4590-8968-43093fcb3647,49,1.634967,encuadre,7
035be5bf-adbf-4590-8968-43093fcb3647,50,1.668333,encuadre,7
035be5bf-adbf-4590-8968-43093fcb3647,51,1.701700,encuadre,7
035be5bf-adbf-4590-8968-43093fcb3647,52,1.735067,encuadre,7
035be5bf-adbf-4590-8968-43093fcb3647,53,1.768433,encuadre,6
035be5bf-adbf-4590-8968-43093fcb3647,54,1.801800,encuadre,7
035be5bf-adbf-4590-8968-43093fcb3647,55,1.835167,encuadre,6
035be5bf-adbf-4590-8968-43093fcb3647,56,1.868533,encuadre,7
035be5bf-adbf-4590-8968-43093fcb3647,57,1.901900,encuadre,7
035be5bf-adbf-4590-8968-43093fcb3647,58,1.935267,encuadre,7
035be5bf-adbf-4590-8968-43093fcb3647,59,1.968633,encuadre,7
035be5bf-adbf-4590-8968-43093fcb3647,60,2.002000,encuadre,7
035be5bf-adbf-4590-8968-43093fcb3647,61,2.035367,encuadre,7
035be5bf-adbf-4590-8968-43093fcb3647,62,2.068733,encuadre,7
035be5bf-adbf-4590-8968-43093fcb3647,63,2.102100,encuadre,6
035be5bf-adbf-4590-8968-43093fcb3647,64,2.135467,encuadre,7
035be5bf-adbf-4590-8968-43093fcb3647,65,2.168833,encuadre,7
035be5bf-adbf-4590-8968-43093fcb3647,66,2.202200,encuadre,6
035be5bf-adbf-4590-8968-43093fcb3647,67,2.235567,encuadre,7
035be5bf-adbf-4590-8968-43093fcb3647,68,2.268933,encuadre,7
035be5bf-adbf-4590-8968-43093fcb3647,69,2.302300,encuadre,7
035be5bf-adbf-4590-8968-43093fcb3647,70,2.335667,encuadre,7
035be5bf-adbf-4590-8968-43093fcb3647,71,2.369033,encuadre,7
035be5bf-adbf-4590-8968-43093fcb3647,72,2.402400,encuadre,7
035be5bf-adbf-4590-8968-43093fcb3647,73,2.435767,encuadre,7
035be5bf-adbf-4590-8968-43093fcb3647,74,2.469133,encuadre,6
035be5bf-adbf-4590-8968-43093fcb3647,75,2.502500,encuadre,6
035be5bf-adbf-4590-8968-43093fcb3647,76,2.535867,encuadre,5
035be5bf-adbf-4590-8968-43093fcb3647,77,2.569233,encuadre,6
035be5bf-adbf-4590-8968-43093fcb3647,78,2.602600,encuadre,6
035be5bf-adbf-4590-8968-43093fcb3647,79,2.635967,encuadre,5
035be5bf-adbf-4590-8968-43093fcb3647,80,2.669333,encuadre,6
035be5bf-adbf-4590-8968-43093fcb3647,81,2.702700,encuadre,6
035be5bf-adbf-4590-8968-43093fcb3647,82,2.736067,encuadre,6
035be5bf-adbf-4590-8968-43093fcb3647,83,2.769433,encuadre,6
035be5bf-adbf-4590-8968-43093fcb3647,84,2.802800,encuadre,6
035be5bf-adbf-4590-8968-43093fcb3647,85,2.836167,encuadre,7
035be5bf-adbf-4590-8968-43093fcb3647,86,2.869533,encuadre,6
035be5bf-adbf-4590-8968-43093fcb3647,87,2.902900,encuadre,7
035be5bf-adbf-4590-8968-43093fcb3647,88,2.936267,encuadre,6
035be5bf-adbf-4590-8968-43093fcb3647,89,2.969633,encuadre,7
035be5bf-adbf-4590-8968-43093fcb3647,90,3.003000,encuadre,6
035be5bf-adbf-4590-8968-43093fcb3647,91,3.036367,encuadre,7
035be5bf-adbf-4590-8968-43093fcb3647,92,3.069733,encuadre,6
035be5bf-adbf-4590-8968-43093fcb3647,93,3.103100,encuadre,5
035be5bf-adbf-4590-8968-43093fcb3647,94,3.136467,encuadre,6
035be5bf-adbf-4590-8968-43093fcb3647,95,3.169833,encuadre,7
035be5bf-adbf-4590-8968-43093fcb3647,96,3.203200,encuadre,8
035be5bf-adbf-4590-8968-43093fcb3647,97,3.236567,encuadre,7
035be5bf-adbf-4590-8968-43093fcb3647,98,3.269933,encuadre,6
035be5bf-adbf-4590-8968-43093fcb3647,99,3.303300,encuadre,6
035be5bf-adbf-4590-8968-43093fcb3647,100,3.336667,encuadre,6
035be5bf-adbf-4590-8968-43093fcb3647,101,3.370033,encuadre,6
035be5bf-adbf-4590-8968-43093fcb3647,102,3.403400,encuadre,6
035be5bf-adbf-4590-8968-43093fcb3647,103,3.436767,encuadre,6
035be5bf-adbf-4590-8968-43093fcb3647,104,3.470133,encuadre,6
035be5bf-adbf-4590-8968-43093fcb3647,105,3.503500,encuadre,6
035be5bf-adbf-4590-8968-43093fcb3647,106,3.536867,encuadre,6
035be5bf-adbf-4590-8968-43093fcb3647,107,3.570233,encuadre,6
035be5bf-adbf-4590-8968-43093fcb3647,108,3.603600,encuadre,6
035be5bf-adbf-4590-8968-43093fcb3647,109,3.636967,encuadre,6
035be5bf-adbf-4590-8968-43093fcb3647,110,3.670333,encuadre,6
035be5bf-adbf-4590-8968-43093fcb3647,111,3.703700,encuadre,6
035be5bf-adbf-4590-8968-43093fcb3647,112,3.737067,encuadre,6
035be5bf-adbf-4590-8968-43093fcb3647,113,3.770433,encuadre,6
035be5bf-adbf-4590-8968-43093fcb3647,114,3.803800,encuadre,6
035be5bf-adbf-4590-8968-43093fcb3647,115,3.837167,encuadre,6
035be5bf-adbf-4590-8968-43093fcb3647,116,3.870533,encuadre,5
035be5bf-adbf-4590-8968-43093fcb3647,117,3.903900,encuadre,5
035be5bf-adbf-4590-8968-43093fcb3647,118,3.937267,encuadre,5
035be5bf-adbf-4590-8968-43093fcb3647,119,3.970633,encuadre,5
035be5bf-adbf-4590-8968-43093fcb3647,120,4.004000,encuadre,5
035be5bf-adbf-4590-8968-43093fcb3647,121,4.037367,encuadre,5
035be5bf-adbf-4590-8968-43093fcb3647,122,4.070733,encuadre,5
035be5bf-adbf-4590-8968-43093fcb3647,123,4.104100,encuadre,5
035be5bf-adbf-4590-8968-43093fcb3647,124,4.137467,encuadre,5
035be5bf-adbf-4590-8968-43093fcb3647,125,4.170833,encuadre,5
035be5bf-adbf-4590-8968-43093fcb3647,126,4.204200,encuadre,5
035be5bf-adbf-4590-8968-43093fcb3647,127,4.237567,encuadre,5
035be5bf-adbf-4590-8968-43093fcb3647,128,4.270933,encuadre,5
035be5bf-adbf-4590-8968-43093fcb3647,129,4.304300,encuadre,5
035be5bf-adbf-4590-8968-43093fcb3647,130,4.337667,encuadre,5
035be5bf-adbf-4590-8968-43093fcb3647,131,4.371033,encuadre,5
035be5bf-adbf-4590-8968-43093fcb3647,132,4.404400,encuadre,5
035be5bf-adbf-4590-8968-43093fcb3647,133,4.437767,encuadre,5
035be5bf-adbf-4590-8968-43093fcb3647,134,4.471133,encuadre,5
035be5bf-adbf-4590-8968-43093fcb3647,135,4.504500,encuadre,5
035be5bf-adbf-4590-8968-43093fcb3647,136,4.537867,encuadre,5
035be5bf-adbf-4590-8968-43093fcb3647,137,4.571233,encuadre,5
035be5bf-adbf-4590-8968-43093fcb3647,138,4.604600,encuadre,5
035be5bf-adbf-4590-8968-43093fcb3647,139,4.637967,encuadre,5
035be5bf-adbf-4590-8968-43093fcb3647,140,4.671333,encuadre,5
035be5bf-adbf-4590-8968-43093fcb3647,141,4.704700,encuadre,7
035be5bf-adbf-4590-8968-43093fcb3647,142,4.738067,encuadre,7
035be5bf-adbf-4590-8968-43093fcb3647,143,4.771433,encuadre,7
035be5bf-adbf-4590-8968-43093fcb3647,144,4.804800,encuadre,7
035be5bf-adbf-4590-8968-43093fcb3647,145,4.838167,encuadre,7
035be5bf-adbf-4590-8968-43093fcb3647,146,4.871533,encuadre,7
035be5bf-adbf-4590-8968-43093fcb3647,147,4.904900,encuadre,7
035be5bf-adbf-4590-8968-43093fcb3647,148,4.938267,encuadre,7
035be5bf-adbf-4590-8968-43093fcb3647,149,4.971633,encuadre,7
035be5bf-adbf-4590-8968-43093fcb3647,150,5.005000,encuadre,7
035be5bf-adbf-4590-8968-43093fcb3647,151,5.038367,encuadre,7
035be5bf-adbf-4590-8968-43093fcb3647,152,5.071733,encuadre,7
035be5bf-adbf-4590-8968-43093fcb3647,153,5.105100,encuadre,7
035be5bf-adbf-4590-8968-43093fcb3647,154,5.138467,encuadre,7
035be5bf-adbf-4590-8968-43093fcb3647,155,5.171833,encuadre,7
035be5bf-adbf-4590-8968-43093fcb3647,156,5.205200,encuadre,6
035be5bf-adbf-4590-8968-43093fcb3647,157,5.238567,encuadre,7
035be5bf-adbf-4590-8968-43093fcb3647,158,5.271933,encuadre,6
035be5bf-adbf-4590-8968-43093fcb3647,159,5.305300,encuadre,6
035be5bf-adbf-4590-8968-43093fcb3647,160,5.338667,encuadre,7
035be5bf-adbf-4590-8968-43093fcb3647,161,5.372033,encuadre,7
035be5bf-adbf-4590-8968-43093fcb3647,162,5.405400,encuadre,7
035be5bf-adbf-4590-8968-43093fcb3647,163,5.438767,encuadre,7
035be5bf-adbf-4590-8968-43093fcb3647,164,5.472133,encuadre,7
035be5bf-adbf-4590-8968-43093fcb3647,165,5.505500,encuadre,7
035be5bf-adbf-4590-8968-43093fcb3647,166,5.538867,encuadre,7
035be5bf-adbf-4590-8968-43093fcb3647,167,5.572233,encuadre,7
035be5bf-adbf-4590-8968-43093fcb3647,168,5.605600,encuadre,7
035be5bf-adbf-4590-8968-43093fcb3647,169,5.638967,encuadre,7
035be5bf-adbf-4590-8968-43093fcb3647,170,5.672333,encuadre,7
035be5bf-adbf-4590-8968-43093fcb3647,171,5.705700,encuadre,7
035be5bf-adbf-4590-8968-43093fcb3647,172,5.739067,encuadre,7
035be5bf-adbf-4590-8968-43093fcb3647,173,5.772433,encuadre,6
035be5bf-adbf-4590-8968-43093fcb3647,174,5.805800,encuadre,6
035be5bf-adbf-4590-8968-43093fcb3647,175,5.839167,encuadre,6
035be5bf-adbf-4590-8968-43093fcb3647,176,5.872533,encuadre,6
035be5bf-adbf-4590-8968-43093fcb3647,177,5.905900,encuadre,6
035be5bf-adbf-4590-8968-43093fcb3647,178,5.939267,encuadre,6
035be5bf-adbf-4590-8968-43093fcb3647,179,5.972633,encuadre,6
035be5bf-adbf-4590-8968-43093fcb3647,180,6.006000,encuadre,6
035be5bf-adbf-4590-8968-43093fcb3647,181,6.039367,encuadre,6
035be5bf-adbf-4590-8968-43093fcb3647,182,6.072733,encuadre,6
035be5bf-adbf-4590-8968-43093fcb3647,183,6.106100,encuadre,6
035be5bf-adbf-4590-8968-43093fcb3647,184,6.139467,encuadre,6
035be5bf-adbf-4590-8968-43093fcb3647,185,6.172833,encuadre,6
035be5bf-adbf-4590-8968-43093fcb3647,186,6.206200,encuadre,6
035be5bf-adbf-4590-8968-43093fcb3647,187,6.239567,encuadre,6
035be5bf-adbf-4590-8968-43093fcb3647,188,6.272933,encuadre,6
035be5bf-adbf-4590-8968-43093fcb3647,189,6.306300,encuadre,6
035be5bf-adbf-4590-8968-43093fcb3647,190,6.339667,encuadre,6
035be5bf-adbf-4590-8968-43093fcb3647,191,6.373033,encuadre,6
035be5bf-adbf-4590-8968-43093fcb3647,192,6.406400,encuadre,6
035be5bf-adbf-4590-8968-43093fcb3647,193,6.439767,encuadre,6
035be5bf-adbf-4590-8968-43093fcb3647,194,6.473133,encuadre,6
035be5bf-adbf-4590-8968-43093fcb3647,195,6.506500,encuadre,6
035be5bf-adbf-4590-8968-43093fcb3647,196,6.539867,encuadre,6
035be5bf-adbf-4590-8968-43093fcb3647,197,6.573233,encuadre,6
035be5bf-adbf-4590-8968-43093fcb3647,198,6.606600,encuadre,6
035be5bf-adbf-4590-8968-43093fcb3647,199,6.639967,encuadre,6
035be5bf-adbf-4590-8968-43093fcb3647,200,6.673333,encuadre,5
035be5bf-adbf-4590-8968-43093fcb3647,201,6.706700,encuadre,6
035be5bf-adbf-4590-8968-43093fcb3647,202,6.740067,encuadre,6
035be5bf-adbf-4590-8968-43093fcb3647,203,6.773433,encuadre,6
035be5bf-adbf-4590-8968-43093fcb3647,204,6.806800,encuadre,6
035be5bf-adbf-4590-8968-43093fcb3647,205,6.840167,encuadre,6
035be5bf-adbf-4590-8968-43093fcb3647,206,6.873533,encuadre,6
035be5bf-adbf-4590-8968-43093fcb3647,207,6.906900,encuadre,5
035be5bf-adbf-4590-8968-43093fcb3647,208,6.940267,encuadre,5
035be5bf-adbf-4590-8968-43093fcb3647,209,6.973633,encuadre,5
035be5bf-adbf-4590-8968-43093fcb3647,210,7.007000,encuadre,5
035be5bf-adbf-4590-8968-43093fcb3647,211,7.040367,encuadre,5
035be5bf-adbf-4590-8968-43093fcb3647,212,7.073733,encuadre,5
035be5bf-adbf-4590-8968-43093fcb3647,213,7.107100,encuadre,5
035be5bf-adbf-4590-8968-43093fcb3647,214,7.140467,encuadre,5
035be5bf-adbf-4590-8968-43093fcb3647,215,7.173833,encuadre,5
035be5bf-adbf-4590-8968-43093fcb3647,216,7.207200,encuadre,5
035be5bf-adbf-4590-8968-43093fcb3647,217,7.240567,encuadre,5
035be5bf-adbf-4590-8968-43093fcb3647,218,7.273933,encuadre,5
035be5bf-adbf-4590-8968-43093fcb3647,219,7.307300,encuadre,5
035be5bf-adbf-4590-8968-43093fcb3647,220,7.340667,encuadre,5
035be5bf-adbf-4590-8968-43093fcb3647,221,7.374033,encuadre,5
035be5bf-adbf-4590-8968-43093fcb3647,222,7.407400,encuadre,5
035be5bf-adbf-4590-8968-43093fcb3647,223,7.440767,encuadre,5
035be5bf-adbf-4590-8968-43093fcb3647,224,7.474133,encuadre,5
035be5bf-adbf-4590-8968-43093fcb3647,225,7.507500,encuadre,5
035be5bf-adbf-4590-8968-43093fcb3647,226,7.540867,encuadre,4
035be5bf-adbf-4590-8968-43093fcb3647,227,7.574233,encuadre,4
035be5bf-adbf-4590-8968-43093fcb3647,228,7.607600,encuadre,4
035be5bf-adbf-4590-8968-43093fcb3647,229,7.640967,encuadre,3
035be5bf-adbf-4590-8968-43093fcb3647,230,7.674333,encuadre,3
035be5bf-adbf-4590-8968-43093fcb3647,231,7.707700,encuadre,3
035be5bf-adbf-4590-8968-43093fcb3647,232,7.741067,encuadre,3
035be5bf-adbf-4590-8968-43093fcb3647,233,7.774433,encuadre,3
035be5bf-adbf-4590-8968-43093fcb3647,234,7.807800,encuadre,3
035be5bf-adbf-4590-8968-43093fcb3647,235,7.841167,encuadre,3
035be5bf-adbf-4590-8968-43093fcb3647,236,7.874533,encuadre,3
035be5bf-adbf-4590-8968-43093fcb3647,237,7.907900,encuadre,3
035be5bf-adbf-4590-8968-43093fcb3647,238,7.941267,encuadre,3
035be5bf-adbf-4590-8968-43093fcb3647,239,7.974633,encuadre,3
035be5bf-adbf-4590-8968-43093fcb3647,240,8.008000,encuadre,2
035be5bf-adbf-4590-8968-43093fcb3647,241,8.041367,encuadre,3
035be5bf-adbf-4590-8968-43093fcb3647,242,8.074733,encuadre,4
035be5bf-adbf-4590-8968-43093fcb3647,243,8.108100,encuadre,3
035be5bf-adbf-4590-8968-43093fcb3647,244,8.141467,encuadre,3
035be5bf-adbf-4590-8968-43093fcb3647,245,8.174833,encuadre,3
035be5bf-adbf-4590-8968-43093fcb3647,246,8.208200,encuadre,3
035be5bf-adbf-4590-8968-43093fcb3647,247,8.241567,encuadre,3
035be5bf-adbf-4590-8968-43093fcb3647,248,8.274933,encuadre,3
035be5bf-adbf-4590-8968-43093fcb3647,249,8.308300,encuadre,3
035be5bf-adbf-4590-8968-43093fcb3647,250,8.341667,encuadre,3
035be5bf-adbf-4590-8968-43093fcb3647,251,8.375033,encuadre,3
035be5bf-adbf-4590-8968-43093fcb3647,252,8.408400,encuadre,3
035be5bf-adbf-4590-8968-43093fcb3647,253,8.441767,encuadre,3
035be5bf-adbf-4590-8968-43093fcb3647,254,8.475133,encuadre,3
035be5bf-adbf-4590-8968-43093fcb3647,255,8.508500,encuadre,2
035be5bf-adbf-4590-8968-43093fcb3647,256,8.541867,encuadre,3
035be5bf-adbf-4590-8968-43093fcb3647,257,8.575233,encuadre,4
035be5bf-adbf-4590-8968-43093fcb3647,258,8.608600,encuadre,4
035be5bf-adbf-4590-8968-43093fcb3647,259,8.641967,encuadre,4
035be5bf-adbf-4590-8968-43093fcb3647,260,8.675333,encuadre,4
035be5bf-adbf-4590-8968-43093fcb3647,261,8.708700,encuadre,3
035be5bf-adbf-4590-8968-43093fcb3647,262,8.742067,encuadre,2
035be5bf-adbf-4590-8968-43093fcb3647,263,8.775433,encuadre,2
035be5bf-adbf-4590-8968-43093fcb3647,264,8.808800,encuadre,2
035be5bf-adbf-4590-8968-43093fcb3647,265,8.842167,encuadre,2
035be5bf-adbf-4590-8968-43093fcb3647,266,8.875533,encuadre,2
035be5bf-adbf-4590-8968-43093fcb3647,267,8.908900,encuadre,2
035be5bf-adbf-4590-8968-43093fcb3647,268,8.942267,encuadre,2
035be5bf-adbf-4590-8968-43093fcb3647,269,8.975633,encuadre,3
035be5bf-adbf-4590-8968-43093fcb3647,270,9.009000,encuadre,2
035be5bf-adbf-4590-8968-43093fcb3647,271,9.042367,encuadre,2
035be5bf-adbf-4590-8968-43093fcb3647,272,9.075733,encuadre,2
035be5bf-adbf-4590-8968-43093fcb3647,273,9.109100,encuadre,2
035be5bf-adbf-4590-8968-43093fcb3647,274,9.142467,encuadre,2
035be5bf-adbf-4590-8968-43093fcb3647,275,9.175833,encuadre,1
035be5bf-adbf-4590-8968-43093fcb3647,276,9.209200,encuadre,2
035be5bf-adbf-4590-8968-43093fcb3647,277,9.242567,encuadre,3
035be5bf-adbf-4590-8968-43093fcb3647,278,9.275933,encuadre,2
035be5bf-adbf-4590-8968-43093fcb3647,279,9.309300,encuadre,3
035be5bf-adbf-4590-8968-43093fcb3647,280,9.342667,encuadre,3
035be5bf-adbf-4590-8968-43093fcb3647,281,9.376033,encuadre,3
035be5bf-adbf-4590-8968-43093fcb3647,282,9.409400,encuadre,3
035be5bf-adbf-4590-8968-43093fcb3647,283,9.442767,encuadre,2
035be5bf-adbf-4590-8968-43093fcb3647,284,9.476133,encuadre,3
035be5bf-adbf-4590-8968-43093fcb3647,285,9.509500,encuadre,2
035be5bf-adbf-4590-8968-43093fcb3647,286,9.542867,encuadre,1
035be5bf-adbf-4590-8968-43093fcb3647,287,9.576233,encuadre,2
035be5bf-adbf-4590-8968-43093fcb3647,288,9.609600,encuadre,2
035be5bf-adbf-4590-8968-43093fcb3647,289,9.642967,encuadre,2
035be5bf-adbf-4590-8968-43093fcb3647,290,9.676333,encuadre,2
035be5bf-adbf-4590-8968-43093fcb3647,291,9.709700,encuadre,2
035be5bf-adbf-4590-8968-43093fcb3647,292,9.743067,encuadre,2
035be5bf-adbf-4590-8968-43093fcb3647,293,9.776433,encuadre,3
035be5bf-adbf-4590-8968-43093fcb3647,294,9.809800,encuadre,3
035be5bf-adbf-4590-8968-43093fcb3647,295,9.843167,encuadre,2
035be5bf-adbf-4590-8968-43093fcb3647,296,9.876533,encuadre,2
035be5bf-adbf-4590-8968-43093fcb3647,297,9.909900,encuadre,2
035be5bf-adbf-4590-8968-43093fcb3647,298,9.943267,encuadre,3
035be5bf-adbf-4590-8968-43093fcb3647,299,9.976633,encuadre,3
035be5bf-adbf-4590-8968-43093fcb3647,300,10.010000,encuadre,3
035be5bf-adbf-4590-8968-43093fcb3647,301,10.043367,encuadre,3
035be5bf-adbf-4590-8968-43093fcb3647,302,10.076733,encuadre,3
035be5bf-adbf-4590-8968-43093fcb3647,303,10.110100,encuadre,2
035be5bf-adbf-4590-8968-43093fcb3647,304,10.143467,encuadre,2
035be5bf-adbf-4590-8968-43093fcb3647,305,10.176833,encuadre,2
035be5bf-adbf-4590-8968-43093fcb3647,306,10.210200,encuadre,2
035be5bf-adbf-4590-8968-43093fcb3647,307,10.243567,encuadre,2
