track_id,zone,start_s,end_s,observed_seconds,end_reason,censored
2,encuadre,0.06673333333333334,0.3003,0.23356666666666667,track_lost,True
9,encuadre,1.4681333333333335,1.5682333333333334,0.10009999999999986,track_lost,True
6,encuadre,0.3003,3.2032000000000003,2.9029000000000003,track_lost,True
8,encuadre,1.4014000000000002,3.236566666666667,1.8351666666666668,track_lost,True
7,encuadre,0.33366666666666667,3.837166666666667,3.5035000000000003,track_lost,True
5,encuadre,0.06673333333333334,5.739066666666667,5.6723333333333334,track_lost,True
1,encuadre,0.06673333333333334,6.8735333333333335,6.8068,track_lost,True
13,encuadre,4.7047,7.5075,2.8028000000000004,track_lost,True
11,encuadre,3.1698333333333335,8.074733333333334,4.9049000000000005,track_lost,True
15,encuadre,8.575233333333333,8.675333333333334,0.10010000000000119,track_lost,True
3,encuadre,0.06673333333333334,10.076733333333333,10.01,end_of_run,True
4,encuadre,0.06673333333333334,9.809800000000001,9.743066666666667,end_of_run,True
7,encuadre,4.7047,10.243566666666668,5.538866666666668,end_of_run,True
17,encuadre,9.943266666666668,9.976633333333334,0.03336666666666588,end_of_run,True
18,encuadre,10.01,10.243566666666668,0.23356666666666825,end_of_run,True
